var_name,type,var_label,has_value_labels,n_unique,example_values
hh1,numeric,Cluster number,FALSE,1111,"1, 1, 1, 1, 1"
hh2,numeric,Household number,FALSE,58,"1, 2, 3, 4, 6"
ln,numeric,Line number,FALSE,15,"3, 4, 2, 5, 5"
fs1,numeric,Cluster number,FALSE,1111,"1, 1, 1, 1, 1"
fs2,numeric,Household number,FALSE,58,"1, 2, 3, 4, 6"
fs3,numeric,Child's line number,FALSE,15,"3, 4, 2, 5, 5"
fsint,numeric,Interviewer number,FALSE,142,"12, 14, 13, 11, 12"
fs4,numeric,Mother / Caretaker's line number,FALSE,12,"1, 2, 1, 2, 2"
fs5,numeric,Interviewer number,FALSE,142,"12, 14, 13, 11, 12"
fs6,numeric,Supervisor number,FALSE,28,"10, 10, 10, 10, 10"
fs7d,numeric,Day of interview,FALSE,31,"8, 11, 8, 8, 8"
fs7m,numeric,Month of interview,FALSE,7,"2, 2, 2, 2, 2"
fs7y,numeric,Year of interview,FALSE,2,"2020, 2020, 2020, 2020, 2020"
fs9,haven_labelled,Respondent to another questionnaire,TRUE,2,"1, 1, 1, 1, 1"
fs10,haven_labelled,Consent,TRUE,2,"1, 1, 1, 1, 1"
fs17,haven_labelled,Result of interview for children 5-17,TRUE,7,"1, 1, 1, 1, 1"
fs8h,numeric,Start of interview - Hour,FALSE,22,"12, 16, 13, 14, 16"
fs8m,numeric,Start of interview - Minutes,FALSE,60,"41, 5, 21, 28, 55"
fs11h,numeric,End of interview - Hour,FALSE,21,"12, 16, 13, 14, 17"
fs11m,numeric,End of interview - Minutes,FALSE,60,"54, 50, 25, 32, 8"
fs12,haven_labelled,Language of the Questionnaire,TRUE,5,"3, 3, 3, 3, 3"
fs13,haven_labelled,Language of the Interview,TRUE,6,"3, 3, 3, 6, 3"
fs14,haven_labelled,Native language of the Respondent,TRUE,6,"3, 3, 3, 6, 6"
fs15,haven_labelled,Translator used,TRUE,4,"3, 3, 3, 3, 3"
fshint,numeric,Household interviewer,FALSE,142,"12, 14, 13, 11, 12"
fsfin,haven_labelled,Finish,TRUE,1,"3, 3, 3, 3, 3"
cb2m,haven_labelled,Month of birth of child,TRUE,14,"9, 2, 9, 8, 1"
cb2y,haven_labelled,Year of birth of child,TRUE,16,"2004, 2005, 2014, 2003, 2014"
cb3,numeric,Age of child,FALSE,13,"15, 14, 5, 16, 6"
cb4,haven_labelled,Ever attended school or early childhood programme,TRUE,3,"1, 1, 1, 1, 1"
cb5a,haven_labelled,Highest level of education attended,TRUE,6,"1, 1, 0, 1, 1"
cb5b,haven_labelled,Highest grade attended at that level,TRUE,8,"7, 6, 7, 1, 1"
cb6,haven_labelled,Ever completed that grade/year,TRUE,3,"2, 2, 2, 2, 2"
cb7,haven_labelled,Attended school or early childhood programme during current school year,TRUE,3,"1, 1, 1, 1, 1"
cb8a,haven_labelled,Level of education attended current school year,TRUE,5,"1, 1, 0, 1, 1"
cb8b,haven_labelled,Grade attended at that level attended current school year,TRUE,8,"7, 6, 7, 1, 1"
cb9,haven_labelled,Attended school or early childhood programme during previous school year,TRUE,3,"1, 1, 1, 1, 1"
cb10a,haven_labelled,Level of education attended previous school year,TRUE,6,"1, 1, 0, 1, 0"
cb10b,haven_labelled,Grade attended at that level attended previous school year,TRUE,9,"6, 5, 6, 7, 6"
cb11,haven_labelled,Covered by any health insurance,TRUE,3,"2, 2, 2, 2, 2"
cb12a,haven_labelled,Type of health insurance - Mutual health organization / Community-based health insurance,TRUE,3,", , , , "
cb12b,haven_labelled,Type of health insurance - Health insurance through employer,TRUE,3,", , , , "
cb12c,haven_labelled,Type of health insurance - Social security,TRUE,3,", , , , "
cb12d,haven_labelled,Type of health insurance - Other privately purchased commercial health insurance,TRUE,3,", , , , "
cb12x,haven_labelled,Type of health insurance - Other,TRUE,3,", , , , "
cb12nr,haven_labelled,Type of health insurance - No response,TRUE,2,", , , , "
cl1a,haven_labelled,Worked or helped on garden in past week,TRUE,3,"2, 1, 2, 1, 2"
cl1b,haven_labelled,Helped in family business in past week,TRUE,3,"2, 1, 2, 2, 2"
cl1c,haven_labelled,Produced or sold articles in past week,TRUE,3,"1, 1, 2, 2, 2"
cl1x,haven_labelled,Engaged in any other activity for income in past week,TRUE,3,"2, 2, 2, 1, 2"
cl3,haven_labelled,Hours worked in past week,TRUE,49,"3, 5, 5, 6, 3"
cl4,haven_labelled,Activities required carrying heavy loads,TRUE,3,"2, 2, 2, 2, 2"
cl5,haven_labelled,Activities required working with dangerous tools or heavy machinery,TRUE,3,"2, 2, 2, 2, 2"
cl6a,haven_labelled,"Description of work:  exposed to dust, fumes, or gas",TRUE,3,"2, 2, 2, 2, 2"
cl6b,haven_labelled,Description of work:  exposed to extreme temperatures or humidity,TRUE,3,"1, 2, 2, 2, 2"
cl6c,haven_labelled,Description of work:  exposed to loud noise or vibration,TRUE,3,"2, 2, 2, 2, 2"
cl6d,haven_labelled,Description of work:  required to work at heights,TRUE,3,"2, 2, 2, 2, 2"
cl6e,haven_labelled,Description of work:  required to work with chemicals,TRUE,3,"2, 2, 2, 2, 2"
cl6x,haven_labelled,Description of work:  exposed to other,TRUE,3,"2, 2, 2, 2, 2"
cl7,haven_labelled,Fetched water in past week,TRUE,3,"1, 1, 2, 1, 2"
cl8,haven_labelled,Hours spent fetching water  in past week,TRUE,55,"5, 13, 1, 12, 10"
cl9,haven_labelled,Collected firewood  in past week,TRUE,3,"1, 1, 2, 1, 2"
cl10,haven_labelled,Hours spent collecting firewood  in past week,TRUE,33,"1, 15, 1, 1, 12"
cl11a,haven_labelled,Household chores in past week:  shopping,TRUE,3,"1, 1, 2, 1, 2"
cl11b,haven_labelled,Household chores in past week:  cooking,TRUE,3,"2, 1, 2, 1, 2"
cl11c,haven_labelled,Household chores in past week:  washing dishes  or cleaning around the house,TRUE,3,"1, 1, 2, 1, 2"
cl11d,haven_labelled,Household chores in past week:  washing clothes,TRUE,3,"1, 1, 2, 2, 2"
cl11e,haven_labelled,Household chores in past week:  caring for children,TRUE,3,"2, 1, 2, 1, 2"
cl11f,haven_labelled,Household chores in past week:  caring for old or sick,TRUE,3,"2, 1, 2, 2, 2"
cl11x,haven_labelled,Household chores in past week:  other household tasks,TRUE,3,"2, 1, 2, 2, 2"
cl13,haven_labelled,Number of hours engaged in past week,TRUE,61,"6, 21, 4, 0, 30"
fcd2a,haven_labelled,Took away privileges,TRUE,3,"1, 1, 2, 1, 1"
fcd2b,haven_labelled,Explained why behaviour was wrong,TRUE,3,"1, 1, 2, 1, 1"
fcd2c,haven_labelled,Shook child,TRUE,3,"1, 2, 2, 2, 2"
fcd2d,haven_labelled,"Shouted, yelled or screamed at child",TRUE,3,"1, 1, 1, 1, 1"
fcd2e,haven_labelled,Gave child something else to do,TRUE,3,"1, 1, 1, 1, 2"
fcd2f,haven_labelled,"Spanked, hit or slapped child on bottom with bare hand",TRUE,3,"1, 2, 2, 2, 2"
fcd2g,haven_labelled,"Hit child on the bottom or elsewhere with belt, brush, stick, etc.",TRUE,3,"1, 2, 2, 2, 2"
fcd2h,haven_labelled,"Called child dumb, lazy or another name",TRUE,3,"1, 2, 1, 2, 2"
fcd2i,haven_labelled,"Hit or slapped child on the face, head or ears",TRUE,3,"1, 2, 2, 2, 2"
fcd2j,haven_labelled,"Hit or slapped child on the hand, arm or leg",TRUE,3,"1, 2, 2, 2, 2"
fcd2k,haven_labelled,Beat child up as hard as one could,TRUE,3,"1, 2, 2, 2, 2"
fcd3,haven_labelled,Mother / Caretaker of another child age under 5,TRUE,2,"1, 1, 2, 2, 1"
fcd4,haven_labelled,Already responded to question UCD5,TRUE,2,"2, 2, 1, 1, 1"
fcd5,haven_labelled,Child needs to be physically punished to be brought up properly,TRUE,3,"1, 2, 2, 2, 2"
fcf1,haven_labelled,Child wear glasses or contact lenses,TRUE,3,"2, 2, 2, 2, 2"
fcf2,haven_labelled,Child uses hearing aid,TRUE,3,"2, 2, 2, 2, 2"
fcf3,haven_labelled,Child uses any equipment or receive assistance for walking,TRUE,3,"2, 2, 2, 2, 2"
fcf6,haven_labelled,Child has difficulty seeing,TRUE,5,"1, 1, 1, 1, 1"
fcf8,haven_labelled,Child has difficulty hearing sounds like people voices or music,TRUE,5,"1, 1, 1, 1, 1"
fcf10,haven_labelled,Without using equipment or assistance child has difficulty walking 100 yards,TRUE,4,"2, 2, 2, 4, 2"
fcf11,haven_labelled,Without using equipment or assistance child has difficulty walking 500 yards,TRUE,4,"2, 2, 2, 2, 2"
fcf12,haven_labelled,When using equipment or assistance child has difficulty walking 100 yards,TRUE,4,"2, 1, 2, 4, 1"
fcf13,haven_labelled,When using equipment or assistance child has difficulty walking 500 yards,TRUE,4,"2, 1, 1, 1, 1"
fcf14,haven_labelled,"Compared with children of the same age, child has difficulty walking 100 yards",TRUE,5,"1, 1, 1, 1, 1"
fcf15,haven_labelled,"Compared with children of the same age, child has difficulty walking 500 yards",TRUE,5,"1, 1, 1, 1, 1"
fcf16,haven_labelled,Child has difficulty with self-care such as feeding or dressing,TRUE,5,"1, 1, 1, 1, 1"
fcf17,haven_labelled,Child has difficulty being understood by people inside of this household,TRUE,4,"1, 1, 1, 1, 1"
fcf18,haven_labelled,Child has difficulty being understood by people outside of this household,TRUE,4,"1, 1, 1, 1, 1"
fcf19,haven_labelled,"Compared with children of the same age, child has difficulty learning things",TRUE,5,"1, 1, 1, 1, 1"
fcf20,haven_labelled,"Compared with children of the same age, child has difficulty remembering things",TRUE,5,"1, 1, 1, 1, 1"
fcf21,haven_labelled,Child has difficulty concentrating on an activity that he/she enjoys,TRUE,5,"1, 1, 1, 1, 1"
fcf22,haven_labelled,Child has difficulty accepting changes in his/her routine,TRUE,5,"1, 1, 1, 1, 1"
fcf23,haven_labelled,"Compared with children of the same age, child have difficulty controlling his/her behaviour",TRUE,5,"2, 1, 1, 1, 1"
fcf24,haven_labelled,Child has difficulty making friends,TRUE,5,"1, 1, 1, 1, 1"
fcf25,haven_labelled,"How often child seems very anxious, nervous or worried",TRUE,6,"4, 4, 5, 5, 5"
fcf26,haven_labelled,How often child seems very sad or depressed,TRUE,6,"4, 5, 5, 5, 5"
pr3,haven_labelled,Number of children's books or picture books for child,TRUE,12,"0, 2, 0, 0, 0"
pr5,haven_labelled,Child ever had homework,TRUE,4,"1, 1, 1, 1, 1"
pr6,haven_labelled,Anyone helps child with homework,TRUE,4,"2, 2, 2, 2, 2"
pr7,haven_labelled,School have a School Governing Body in which parents can participate,TRUE,4,"1, 2, 1, 1, 1"
pr8,haven_labelled,Attended a PTA / SMC meeting in the last 12 months,TRUE,4,"1, 2, 2, 2, 2"
pr9a,haven_labelled,At meeting - discussed a plan for addressing key education isses faced by child's school,TRUE,4,"2, 1, 1, 1, 1"
pr9b,haven_labelled,At meeting - discussed school budget or use of unds received by child's school,TRUE,4,"2, 1, 1, 1, 1"
pr10,haven_labelled,In the last 12 months - received a student or student report card,TRUE,4,"2, 1, 2, 1, 1"
pr11a,haven_labelled,"In the last 12 months gone to school for - a school assembly, a school celebration or a sport event",TRUE,4,"2, 2, 2, 2, 2"
pr11b,haven_labelled,In the last 12 months gone to school for - to discuss child's progress with child's teachers,TRUE,4,"2, 2, 1, 2, 1"
pr12a,haven_labelled,In the last 12 months school closed due to - natural disasters,TRUE,4,"2, 2, 2, 2, 2"
pr12b,haven_labelled,In the last 12 months school closed due to - man made disasters,TRUE,4,"2, 2, 2, 2, 2"
pr12c,haven_labelled,In the last 12 months school closed due to - teacher strike or teacher absenteesim,TRUE,4,"2, 2, 2, 1, 2"
pr12x,haven_labelled,In the last 12 months school closed due to - any other reasons,TRUE,4,"2, 2, 2, 2, 2"
pr13,haven_labelled,"In the last 12 months, child was unable to attend class due to teacher being absent",TRUE,4,"2, 2, 1, 2, 1"
pr15,haven_labelled,Contacted the school officials or school governing bodies when this happened,TRUE,4,"2, 2, 2, 2, 2"
fl1,haven_labelled,Consent,TRUE,2,"1, 1, 1, 1, 1"
fl2h,numeric,Start of interview with child - Hour,FALSE,18,"16, 17, 15, 14, 10"
fl2m,numeric,Start of interview with child - Minutes,FALSE,60,"34, 4, 55, 28, 5"
fl3,haven_labelled,Consent,TRUE,2,"1, 1, 1, 1, 1"
fl4a,haven_labelled,You are not alone with the child unless they are at least visible to an adult known to the child,TRUE,2,", , , , "
fl4b,haven_labelled,You have engaged the child in conversation and built rapport e.g. using an Icebreaker,TRUE,2,", , , , "
fl4c,haven_labelled,"The child is sat comfortably, able to use the Reading & Numbers Book without difficulty while you can see which page is open",TRUE,2,", , , , "
fl6a,haven_labelled,Child read books,TRUE,3,"1, 1, 1, 1, 1"
fl6b,haven_labelled,Someone read books to child,TRUE,3,"2, 2, 2, 1, 2"
fl7,haven_labelled,Language child speaks most of the time at home,TRUE,11,"96, 96, 96, 96, 96"
fl9,haven_labelled,Language teacher use most of the time when teaching child in class,TRUE,4,"2, 1, 1, 1, 1"
fl10,haven_labelled,Like to read story,TRUE,3,"1, 1, 2, 1, 1"
fl13,haven_labelled,Giving the Child book - Manual introduction,TRUE,1,"1, 1, 1, 1, 1"
fl14,haven_labelled,Child read every word in the practice correctly,TRUE,3,"2, 2, 2, 2, 2"
fl15,haven_labelled,Reading done: How old is Sam?,TRUE,4,"1, 1, 1, 1, 1"
fl16,haven_labelled,FL16: Sam is 5 years old,TRUE,2,", , , , "
fl17,haven_labelled,Another question: Who is older: Sam or Tina,TRUE,4,"1, 1, 1, 2, 1"
fl18,haven_labelled,FL18: Tina is older than Sam. Tina is 6 and Sam is 5.,TRUE,2,", , , , "
flintro,haven_labelled,FL19. INTRO,TRUE,1,"1, 1, 1, 1, 1"
fl19w1,haven_labelled,Word1,TRUE,3,"0, 0, 0, 2, 0"
fl19w2,haven_labelled,Word2,TRUE,3,"0, 0, 0, 2, 0"
fl19w3,haven_labelled,Word3,TRUE,3,"0, 0, 0, 2, 0"
fl19w4,haven_labelled,Word4,TRUE,3,"0, 0, 0, 2, 0"
fl19w5,haven_labelled,Word5,TRUE,3,"0, 0, 0, 2, 0"
fl19w6,haven_labelled,Word6,TRUE,3,"0, 0, 0, 2, 0"
fl19w7,haven_labelled,Word7,TRUE,3,"0, 0, 0, 2, 0"
fl19w8,haven_labelled,Word8,TRUE,3,"0, 0, 0, 2, 0"
fl19w9,haven_labelled,Word9,TRUE,3,"0, 0, 0, 2, 0"
fl19w10,haven_labelled,Word10,TRUE,3,"0, 0, 0, 2, 0"
fl19w11,haven_labelled,Word11,TRUE,3,"0, 0, 0, 2, 0"
fl19w12,haven_labelled,Word12`,TRUE,3,"0, 0, 0, 2, 0"
fl19w13,haven_labelled,Word13,TRUE,3,"0, 0, 0, 2, 0"
fl19w14,haven_labelled,Word14,TRUE,3,"0, 0, 0, 2, 0"
fl19w15,haven_labelled,Word15,TRUE,3,"0, 0, 0, 2, 0"
fl19w16,haven_labelled,Word16,TRUE,3,"0, 0, 0, 2, 0"
fl19w17,haven_labelled,Word17,TRUE,3,"0, 0, 0, 2, 0"
fl19w18,haven_labelled,Word18,TRUE,3,"0, 0, 0, 2, 0"
fl19w19,haven_labelled,Word19,TRUE,3,"0, 1, 0, 2, 0"
fl19w20,haven_labelled,Word20,TRUE,3,"0, 0, 0, 2, 0"
fl19w21,haven_labelled,Word21,TRUE,3,"0, 0, 0, 2, 0"
fl19w22,haven_labelled,Word22,TRUE,3,"0, 0, 0, 2, 0"
fl19w23,haven_labelled,Word23,TRUE,3,"0, 0, 0, 2, 0"
fl19w24,haven_labelled,Word24,TRUE,3,"0, 0, 0, 2, 0"
fl19w25,haven_labelled,Word25,TRUE,3,"0, 0, 0, 2, 0"
fl19w26,haven_labelled,Word26,TRUE,3,"0, 0, 0, 2, 0"
fl19w27,haven_labelled,Word27,TRUE,3,"0, 0, 1, 2, 0"
fl19w28,haven_labelled,Word28,TRUE,3,"0, 1, 0, 2, 0"
fl19w29,haven_labelled,Word29,TRUE,3,"0, 0, 0, 2, 0"
fl19w30,haven_labelled,Word30,TRUE,3,"0, 1, 0, 2, 0"
fl19w31,haven_labelled,Word31,TRUE,3,"0, 0, 0, 2, 0"
fl19w32,haven_labelled,Word32,TRUE,3,"0, 0, 0, 2, 0"
fl19w33,haven_labelled,Word33,TRUE,3,"0, 0, 0, 2, 0"
fl19w34,haven_labelled,Word34,TRUE,3,"0, 1, 0, 2, 0"
fl19w35,haven_labelled,Word35,TRUE,3,"0, 0, 0, 2, 0"
fl19w36,haven_labelled,Word36,TRUE,3,"0, 0, 0, 2, 0"
fl19w37,haven_labelled,Word37,TRUE,3,"0, 0, 0, 2, 0"
fl19w38,haven_labelled,Word38,TRUE,3,"0, 0, 0, 2, 0"
fl19w39,haven_labelled,Word39,TRUE,3,"0, 0, 0, 2, 0"
fl19w40,haven_labelled,Word40,TRUE,3,"0, 0, 0, 2, 0"
fl19w41,haven_labelled,Word41,TRUE,3,"0, 0, 0, 2, 0"
fl19w42,haven_labelled,Word42,TRUE,3,"0, 0, 0, 2, 0"
fl19w43,haven_labelled,Word43,TRUE,3,"0, 1, 0, 2, 0"
fl19w44,haven_labelled,Word44,TRUE,3,"0, 0, 0, 2, 0"
fl19w45,haven_labelled,Word45,TRUE,3,"0, 0, 0, 2, 0"
fl19w46,haven_labelled,Word46,TRUE,3,"0, 0, 0, 2, 0"
fl19w47,haven_labelled,Word47,TRUE,3,"0, 0, 0, 2, 0"
fl19w48,haven_labelled,Word48,TRUE,3,"0, 0, 0, 2, 0"
fl19w49,haven_labelled,Word49,TRUE,3,"0, 0, 0, 2, 0"
fl19w50,haven_labelled,Word50,TRUE,3,"0, 0, 0, 2, 0"
fl19w51,haven_labelled,Word51,TRUE,3,"0, 0, 0, 2, 0"
fl19w52,haven_labelled,Word52,TRUE,3,"0, 0, 0, 2, 0"
fl19w53,haven_labelled,Word53,TRUE,3,"0, 0, 0, 2, 0"
fl19w54,haven_labelled,Word54,TRUE,3,"0, 0, 0, 2, 0"
fl19w55,haven_labelled,Word55,TRUE,3,"0, 0, 0, 2, 0"
fl19w56,haven_labelled,Word56,TRUE,3,"0, 0, 0, 2, 0"
fl19w57,haven_labelled,Word57,TRUE,3,"0, 0, 0, 2, 0"
fl19w58,haven_labelled,Word58,TRUE,3,"0, 0, 1, 2, 0"
fl19w59,haven_labelled,Word59,TRUE,3,"0, 0, 0, 2, 0"
fl19w60,haven_labelled,Word60,TRUE,3,"0, 0, 0, 2, 0"
fl19w61,haven_labelled,Word61,TRUE,3,"0, 0, 0, 2, 0"
fl20a,haven_labelled,FL20A. Total number of words attempted,TRUE,35,"61, 61, 61, 0, 61"
fl20b,haven_labelled,FL20B. Total number of words incorrect or missed,TRUE,49,"0, 5, 2, 0, 0"
fl21,haven_labelled,FL21. How well did child read the story,TRUE,3,"1, 1, 1, 3, 1"
flb_intro,haven_labelled,FLB INTRO,TRUE,1,"1, 1, 1, 1, 1"
flb19w1,haven_labelled,WordCh1,TRUE,3,"0, 0, 1, 0, 0"
flb19w2,haven_labelled,WordCh2,TRUE,3,"1, 0, 1, 0, 0"
flb19w3,haven_labelled,WordCh3,TRUE,3,"0, 0, 1, 0, 0"
flb19w4,haven_labelled,WordCh4,TRUE,3,"1, 0, 1, 0, 0"
flb19w5,haven_labelled,WordCh5,TRUE,3,"1, 0, 1, 0, 0"
flb19w6,haven_labelled,WordCh6,TRUE,3,"1, 0, 1, 0, 0"
flb19w7,haven_labelled,WordCh7,TRUE,3,"1, 0, 2, 0, 0"
flb19w8,haven_labelled,WordCh8,TRUE,3,"0, 0, 2, 0, 0"
flb19w9,haven_labelled,WordCh9,TRUE,3,"1, 0, 2, 0, 0"
flb19w10,haven_labelled,WordCh10,TRUE,3,"0, 0, 2, 0, 0"
flb19w11,haven_labelled,WordCh11,TRUE,3,"0, 0, 2, 0, 0"
flb19w12,haven_labelled,WordCh12,TRUE,3,"1, 0, 2, 0, 0"
flb19w13,haven_labelled,WordCh13,TRUE,3,"1, 0, 2, 0, 0"
flb19w14,haven_labelled,WordCh14,TRUE,3,"1, 0, 2, 0, 0"
flb19w15,haven_labelled,WordCh15,TRUE,3,"1, 0, 2, 0, 0"
flb19w16,haven_labelled,WordCh16,TRUE,3,"1, 0, 2, 0, 0"
flb19w17,haven_labelled,WordCh17,TRUE,3,"1, 0, 2, 0, 0"
flb19w18,haven_labelled,WordCh18,TRUE,3,"1, 0, 2, 0, 0"
flb19w19,haven_labelled,WordCh19,TRUE,3,"1, 0, 2, 0, 0"
flb19w20,haven_labelled,WordCh20,TRUE,3,"1, 0, 2, 0, 0"
flb19w21,haven_labelled,WordCh21,TRUE,3,"1, 0, 2, 0, 0"
flb19w22,haven_labelled,WordCh22,TRUE,3,"0, 0, 2, 0, 0"
flb19w23,haven_labelled,WordCh23,TRUE,3,"1, 0, 2, 0, 0"
flb19w24,haven_labelled,WordCh24,TRUE,3,"0, 0, 2, 0, 0"
flb19w25,haven_labelled,WordCh25,TRUE,3,"1, 0, 2, 0, 0"
flb19w26,haven_labelled,WordCh26,TRUE,3,"0, 0, 2, 0, 0"
flb19w27,haven_labelled,WordCh27,TRUE,3,"1, 0, 2, 0, 0"
flb19w28,haven_labelled,WordCh28,TRUE,3,"0, 0, 2, 0, 0"
flb19w29,haven_labelled,WordCh29,TRUE,3,"0, 0, 2, 0, 0"
flb19w30,haven_labelled,WordCh30,TRUE,3,"0, 0, 2, 0, 0"
flb19w31,haven_labelled,WordCh31,TRUE,3,"0, 0, 2, 0, 0"
flb19w32,haven_labelled,WordCh32,TRUE,3,"1, 0, 2, 0, 0"
flb19w33,haven_labelled,WordCh33,TRUE,3,"1, 0, 2, 0, 0"
flb19w34,haven_labelled,WordCh34,TRUE,3,"0, 0, 2, 0, 0"
flb19w35,haven_labelled,WordCh35,TRUE,3,"1, 0, 2, 0, 0"
flb19w36,haven_labelled,WordCh36,TRUE,3,"0, 0, 2, 0, 0"
flb19w37,haven_labelled,WordCh37,TRUE,3,"1, 0, 2, 0, 0"
flb19w38,haven_labelled,WordCh38,TRUE,3,"0, 0, 2, 0, 0"
flb19w39,haven_labelled,WordCh39,TRUE,3,"0, 0, 2, 0, 0"
flb19w40,haven_labelled,WordCh40,TRUE,3,"0, 0, 2, 0, 0"
flb19w41,haven_labelled,WordCh41,TRUE,3,"1, 0, 2, 0, 0"
flb19w42,haven_labelled,WordCh42,TRUE,3,"1, 0, 2, 0, 0"
flb19w43,haven_labelled,WordCh43,TRUE,3,"0, 0, 2, 0, 0"
flb19w44,haven_labelled,WordCh44,TRUE,3,"1, 0, 2, 0, 0"
flb19w45,haven_labelled,WordCh45,TRUE,3,"1, 0, 2, 0, 0"
flb19w46,haven_labelled,WordCh46,TRUE,3,"1, 0, 2, 0, 0"
flb19w47,haven_labelled,WordCh47,TRUE,3,"1, 0, 2, 0, 0"
flb19w48,haven_labelled,WordCh48,TRUE,3,"1, 0, 2, 0, 0"
flb19w49,haven_labelled,WordCh49,TRUE,3,"0, 0, 2, 0, 0"
flb19w50,haven_labelled,WordCh50,TRUE,3,"0, 0, 2, 0, 0"
flb19w51,haven_labelled,WordCh51,TRUE,3,"1, 0, 2, 0, 0"
flb19w52,haven_labelled,WordCh52,TRUE,3,"0, 0, 2, 0, 0"
flb19w53,haven_labelled,WordCh53,TRUE,3,"1, 0, 2, 0, 0"
flb19w54,haven_labelled,WordCh54,TRUE,3,"0, 0, 2, 0, 0"
flb19w55,haven_labelled,WordCh55,TRUE,3,"0, 0, 2, 0, 0"
flb19w56,haven_labelled,WordCh56,TRUE,3,"0, 0, 2, 0, 0"
flb19w57,haven_labelled,WordCh57,TRUE,3,"1, 0, 2, 0, 0"
flb19w58,haven_labelled,WordCh58,TRUE,3,"1, 0, 2, 0, 0"
flb19w59,haven_labelled,WordCh59,TRUE,3,"1, 0, 2, 0, 0"
flb19w60,haven_labelled,WordCh60,TRUE,3,"0, 0, 2, 0, 0"
flb19w61,haven_labelled,WordCh61,TRUE,3,"1, 0, 2, 0, 0"
flb19w62,haven_labelled,WordCh62,TRUE,3,"0, 0, 2, 0, 0"
flb19w63,haven_labelled,WordCh63,TRUE,3,"1, 0, 2, 0, 0"
flb19w64,haven_labelled,WordCh64,TRUE,3,"0, 0, 2, 0, 0"
flb19w65,haven_labelled,WordCh65,TRUE,3,"0, 0, 2, 0, 0"
flb19w66,haven_labelled,WordCh66,TRUE,3,"1, 0, 2, 0, 0"
flb19w67,haven_labelled,WordCh67,TRUE,3,"0, 0, 2, 0, 0"
flb19w68,haven_labelled,WordCh68,TRUE,3,"0, 0, 2, 0, 0"
flb19w69,haven_labelled,WordCh69,TRUE,3,"0, 0, 2, 0, 0"
flb19w70,haven_labelled,WordCh70,TRUE,3,"0, 0, 2, 0, 0"
flb19w71,haven_labelled,WordCh71,TRUE,3,"1, 0, 2, 0, 0"
flb19w72,haven_labelled,WordCh72,TRUE,3,"1, 0, 2, 0, 0"
flb19w73,haven_labelled,WordCh73,TRUE,3,"1, 0, 2, 0, 0"
flb19w74,haven_labelled,WordCh74,TRUE,3,"1, 0, 2, 0, 0"
flb20a,haven_labelled,FLB20A. Total number of words attempted - Chichewa,TRUE,59,"74, 74, 6, 74, 74"
flb20b,haven_labelled,FLB20B. Total number of words incorrect or missed - Chichewa,TRUE,71,"42, 0, 6, 0, 0"
flb21,haven_labelled,FLB21. How well did child read the story,TRUE,4,"1, 1, 2, 1, 1"
fl22a,haven_labelled,Story comprehension: 1 (What class is Moses in),TRUE,4,"1, 1, 1, 1, 1"
fl22b,haven_labelled,Story comprehension: 2 (What did Moses see on the way home),TRUE,4,"2, 2, 1, 1, 2"
fl22c,haven_labelled,Story comprehension: 3 (Why did Moses start crying),TRUE,4,"3, 1, 1, 1, 2"
fl22d,haven_labelled,Story comprehension: 4 (Where did Moses fall (down)),TRUE,4,"2, 2, 2, 1, 3"
fl22e,haven_labelled,Story comprehension: 5 (Why was Moses happy),TRUE,4,"1, 2, 1, 1, 2"
flb22a,haven_labelled,Story comprehension: 1 (Kodi Chisomo ali sitandade chani?),TRUE,4,"1, 1, 1, 1, 1"
flb22b,haven_labelled,Story comprehension: 2 (Nanga Chisomo anaona chani pomwe amachokera ku sukulu?),TRUE,4,"3, 1, 1, 1, 1"
flb22c,haven_labelled,Story comprehension: 3 (Ndi chifukwa chiyani Chisomo anayamba kulira?),TRUE,4,"2, 1, 1, 1, 2"
flb22d,haven_labelled,Story comprehension: 4 (Tchulani malo omwe Chisomo anagwera),TRUE,4,"3, 2, 1, 1, 2"
flb22e,haven_labelled,Story comprehension: 5 (Kodi Chisomo anasangala chifukwa chani?),TRUE,4,"2, 2, 1, 1, 2"
fl23a,haven_labelled,Child recognizes symbol: 9,TRUE,3,"1, 1, 1, 1, 1"
fl23b,haven_labelled,Child recognizes symbol: 12,TRUE,3,"1, 1, 1, 1, 1"
fl23c,haven_labelled,Child recognizes symbol: 30,TRUE,3,"2, 1, 1, 1, 1"
fl23d,haven_labelled,Child recognizes symbol: 48,TRUE,3,"1, 1, 1, 1, 1"
fl23e,haven_labelled,Child recognizes symbol: 74,TRUE,3,"1, 1, 2, 1, 1"
fl23f,haven_labelled,Child recognizes symbol: 731,TRUE,3,"1, 1, 2, 1, 1"
fl24a,haven_labelled,Child identities bigger of two numbers: 7-5,TRUE,3,"1, 1, 1, 1, 1"
fl24b,haven_labelled,Child identities bigger of two numbers: 11-24,TRUE,3,"1, 1, 1, 1, 1"
fl24c,haven_labelled,Child identities bigger of two numbers: 58-49,TRUE,3,"1, 1, 2, 1, 1"
fl24d,haven_labelled,Child identities bigger of two numbers: 65-67,TRUE,3,"1, 1, 1, 1, 1"
fl24e,haven_labelled,Child identities bigger of two numbers: 146-154,TRUE,3,"2, 1, 3, 3, 1"
fl25a,haven_labelled,Child adds numbers correctly: 3+2,TRUE,3,"1, 1, 1, 1, 1"
fl25b,haven_labelled,Child adds numbers correctly: 8+6,TRUE,3,"2, 2, 1, 1, 1"
fl25c,haven_labelled,Child adds numbers correctly: 7+3,TRUE,3,"1, 1, 1, 1, 1"
fl25d,haven_labelled,Child adds numbers correctly: 13+6,TRUE,3,"1, 2, 1, 1, 1"
fl25e,haven_labelled,Child adds numbers correctly: 12+24,TRUE,3,"2, 1, 2, 1, 1"
fl26,haven_labelled,Manual intro,TRUE,1,"1, 1, 1, 1, 1"
fl26a,haven_labelled,Child indentifies number 3,TRUE,1,"1, 1, 1, 1, 1"
fl26b,haven_labelled,Child fails to indentify number 3,TRUE,1,"1, 1, 1, 1, 1"
fl26c,haven_labelled,Child indentifies number 20,TRUE,3,"2, 1, 2, 1, 1"
fl26d,haven_labelled,Child indentifies number 20 to continue,TRUE,1,"1, 1, 1, 1, 1"
fl26e,haven_labelled,Child fails to indentify number 20,TRUE,1,"1, 1, 1, 1, 1"
fl26f,numeric,Check if FL26 answer was correct,FALSE,0,
fl27a,haven_labelled,Child identifies next number: 5-6-7-X,TRUE,3,"3, 1, 1, 1, 1"
fl27b,haven_labelled,Child identifies next number: 14-15-X-17,TRUE,3,"3, 1, 1, 1, 1"
fl27c,haven_labelled,Child identifies next number: 20-X-40-50,TRUE,3,"3, 1, 2, 1, 1"
fl27d,haven_labelled,Child identifies next number: 2-4-6-X,TRUE,3,"3, 1, 2, 1, 1"
fl27e,haven_labelled,Child identifies next number: 5-8-11-X,TRUE,3,"3, 1, 2, 1, 1"
fl28,haven_labelled,Result of interview with child,TRUE,7,"1, 1, 1, 1, 1"
fl4xa,haven_labelled,You are not alone with the child unless they are at least visible to an adult known to the child,TRUE,3,", A, , , "
fl4xb,haven_labelled,You have engaged the child in conversation and built rapport e.g. using an Icebreaker,TRUE,3,", B, , , "
fl4xc,haven_labelled,"The child is sat comfortably, able to use the Reading & Numbers Book without difficulty while you can see which page is open",TRUE,4,", C, , , "
fl26x,haven_labelled,Manual intro,TRUE,1,"1, 1, 1, 1, 1"
hh4,numeric,Supervisor number,FALSE,28,"10, 10, 10, 10, 10"
hh6,haven_labelled,Area,TRUE,2,"2, 2, 2, 2, 2"
hh7,haven_labelled,Region,TRUE,3,"1, 1, 1, 1, 1"
hh52,numeric,Number of children age 5-17,FALSE,11,"1, 3, 1, 5, 1"
hl4,haven_labelled,Sex,TRUE,2,"1, 2, 2, 1, 1"
ed5a,haven_labelled,Highest level of education attended,TRUE,7,"2, 1, 2, 1, 1"
ed5b,haven_labelled,Highest grade attended at that level,TRUE,9,"2, 4, 2, 7, 3"
fsage,haven_labelled,Age,TRUE,3,"3, 2, 1, 3, 1"
fsdoi,numeric,Date of interview child 5-17 (CMC),FALSE,7,"1442, 1442, 1442, 1442, 1442"
fsdob,numeric,Date of birth of child 5-17 (CMC),FALSE,165,"1257, 1262, 1377, 1244, 1369"
melevel,haven_labelled,Mother's education,TRUE,7,"2, 1, 2, 1, 1"
fselevel,haven_labelled,Child's education,TRUE,6,"1, 1, 0, 1, 1"
schage,haven_labelled,Age at beginning of school year,TRUE,15,"15, 14, 5, 16, 5"
fsinsurance,haven_labelled,Health insurance,TRUE,3,"2, 2, 2, 2, 2"
fsdisability,haven_labelled,Child's functional difficulties (age 5-17years),TRUE,2,"2, 2, 2, 2, 2"
ethnicity,haven_labelled,Ethnicity of household head,TRUE,9,"96, 96, 2, 96, 96"
caretakerdis,haven_labelled,Functional difficulties (age 18-49 years),TRUE,2,"2, 1, 2, 2, 2"
fsweight,numeric,Children 5-17's sample weight,FALSE,4914,"0.432313311112211, 1.29693993333663, 0.432313311112211, 2.16156655556105, 0.432313311112211"
fshweight,numeric,Children 5-17's household sample weight,FALSE,1109,"0.432313311112211, 0.432313311112211, 0.432313311112211, 0.432313311112211, 0.432313311112211"
wscore,numeric,Combined wealth score,FALSE,17784,"-0.399029528309053, -0.587900697814062, -0.655508854883502, -0.0443600937698224, -0.788040978514597"
windex5,haven_labelled,Wealth index quintile,TRUE,6,"3, 2, 2, 4, 1"
windex10,numeric,Wealth index deciles,FALSE,11,"5, 4, 3, 7, 2"
wscoreu,numeric,Urban wealth score,FALSE,2469,"0, 0, 0, -0.940258087131481, -1.73263355850379"
windex5u,haven_labelled,Urban wealth index quintile,TRUE,6,"0, 0, 0, 1, 1"
windex10u,numeric,Urban wealth index deciles,FALSE,11,"0, 0, 0, 2, 1"
wscorer,numeric,Rural wealth score,FALSE,15316,"-0.245780579984451, -0.514063491213156, -0.610097805232247, 0.258011230440593, -0.79835366266278"
windex5r,haven_labelled,Rural wealth index quintile,TRUE,6,"3, 2, 2, 4, 1"
windex10r,numeric,Rural wealth index deciles,FALSE,11,"6, 4, 3, 8, 2"
psu,numeric,Primary sampling unit,FALSE,1111,"1, 1, 1, 1, 1"
stratum,haven_labelled,Sample stratum,TRUE,56,"1012, 1012, 1012, 1012, 1012"
